<assembly
	xmlns="http://maven.apache.org/plugins/maven-assembly-plugin/assembly/1.1.3"
	xmlns:xsi="http://www.w3.org/2001/XMLSchema-instance"
	xsi:schemaLocation="http://maven.apache.org/plugins/maven-assembly-plugin/assembly/1.1.3 http://maven.apache.org/xsd/assembly-1.1.3.xsd">
	<id>bin</id>
	<formats>
		<format>tar.gz</format>
	</formats>
	<fileSets>
		<fileSet>
			<directory>${project.basedir}</directory>
			<outputDirectory></outputDirectory>
			<includes>
				<include>README*</include>
				<include>LICENSE*</include>
				<include>NOTICE*</include>
			</includes>
		</fileSet>
		<fileSet>
			<directory>src/main/assembly/overlay</directory>
			<outputDirectory></outputDirectory>
			<filtered>false</filtered>
		</fileSet>
		<fileSet>
			<directory>${project.build.directory}/site</directory>
			<outputDirectory>docs</outputDirectory>
		</fileSet>
	</fileSets>
	<dependencySets>
		<dependencySet>
			<includes>
				<include>*:jar:*</include>
			</includes>
			<excludes>
				<exclude>junit:*</exclude>
			</excludes>
			<outputDirectory>lib/jars</outputDirectory>
		</dependencySet>
	</dependencySets>
</assembly>