<?xml version="1.0" encoding="UTF-8"?>
<archetype-descriptor xsi:schemaLocation="http://maven.apache.org/plugins/maven-archetype-plugin/archetype-descriptor/1.0.0 http://maven.apache.org/xsd/archetype-descriptor-1.0.0.xsd" name="pod"
    xmlns="http://maven.apache.org/plugins/maven-archetype-plugin/archetype-descriptor/1.0.0"
    xmlns:xsi="http://www.w3.org/2001/XMLSchema-instance">
  <fileSets>
    <fileSet encoding="UTF-8">
      <directory></directory>
      <includes>
        <include>.gitignore</include>
      </includes>
    </fileSet>
  </fileSets>
  <modules>
    <module id="api" dir="api" name="api">
      <fileSets>
        <fileSet filtered="true" packaged="true" encoding="UTF-8">
          <directory>src/main/java</directory>
          <includes>
            <include>**/*.java</include>
          </includes>
        </fileSet>
        <fileSet filtered="true" encoding="UTF-8">
          <directory>src/main/resources</directory>
          <includes>
            <include>**/*</include>
          </includes>
        </fileSet>
        <fileSet filtered="true" encoding="UTF-8">
          <directory>src/main/proto</directory>
          <includes>
            <include>**/*.proto</include>
          </includes>
        </fileSet>
        <fileSet filtered="true" packaged="true" encoding="UTF-8">
          <directory>src/test/java</directory>
          <includes>
            <include>**/*.java</include>
          </includes>
        </fileSet>
        <fileSet filtered="true" encoding="UTF-8">
          <directory>src/test/resources</directory>
          <includes>
            <include>**/*</include>
          </includes>
        </fileSet>    
      </fileSets>
    </module>
    <module id="server" dir="server" name="server">
      <fileSets>
        <fileSet filtered="true" packaged="true" encoding="UTF-8">
          <directory>src/main/java</directory>
          <includes>
            <include>**/*.java</include>
          </includes>
        </fileSet>
        <fileSet filtered="true" encoding="UTF-8">
          <directory>src/main/resources</directory>
          <includes>
            <include>**/*</include>
          </includes>
        </fileSet>
        <fileSet filtered="true" packaged="true" encoding="UTF-8">
          <directory>src/test/java</directory>
          <includes>
            <include>**/*.java</include>
          </includes>
        </fileSet>
        <fileSet filtered="true" encoding="UTF-8">
          <directory>src/test/resources</directory>
          <includes>
            <include>**/*</include>
          </includes>
        </fileSet>        
        <fileSet filtered="true" encoding="UTF-8">
          <directory>src/main/assembly</directory>
          <includes>
            <include>**/*.xml</include>
          </includes>
        </fileSet>
        <fileSet encoding="UTF-8" filtered="true">
          <directory>src/main/assembly</directory>
          <includes>
            <include>**/*.sh</include>
          </includes>
        </fileSet>
        <fileSet filtered="true" encoding="UTF-8">
          <directory></directory>
          <includes>
            <include>README*</include>
          </includes>
        </fileSet>
      </fileSets>
    </module>
    <module id="client" dir="client" name="client">
      <fileSets>
        <fileSet filtered="true" packaged="true" encoding="UTF-8">
          <directory>src/main/java</directory>
          <includes>
            <include>**/*.java</include>
          </includes>
        </fileSet>
        <fileSet filtered="true" encoding="UTF-8">
          <directory>src/main/resources</directory>
          <includes>
            <include>**/*.xml</include>
          </includes>
        </fileSet>
        <fileSet filtered="true" packaged="true" encoding="UTF-8">
          <directory>src/test/java</directory>
          <includes>
            <include>**/*.java</include>
          </includes>
        </fileSet>
        <fileSet filtered="true" encoding="UTF-8">
          <directory>src/test/resources</directory>
          <includes>
            <include>**/*</include>
          </includes>
        </fileSet>           
        <fileSet filtered="true" encoding="UTF-8">
          <directory>src/main/assembly</directory>
          <includes>
            <include>**/*.xml</include>
          </includes>
        </fileSet>
        <fileSet encoding="UTF-8" filtered="true">
          <directory>src/main/assembly</directory>
          <includes>
            <include>**/*.sh</include>
          </includes>
        </fileSet>
        <fileSet filtered="true" encoding="UTF-8">
          <directory></directory>
          <includes>
            <include>README*</include>
          </includes>
        </fileSet>
      </fileSets>
    </module>
  </modules>
</archetype-descriptor>
